language,subject,model,n_trials,acc_mean,acc_std,balanced_acc,params,secs
russian,sub1,gru,666,0.5391314106160925,0.03533566408014328,0.6166700275593198,426755,21.4
russian,sub1,lstm,666,0.5435192458758837,0.028241098918526643,0.6044901525845264,568579,28.0
russian,sub1,vit,666,0.47888003591067224,0.05220163209246101,0.5069772131478121,655107,14.6
russian,sub10,gru,696,0.7398766700924975,0.04381925478854342,0.7468995765275257,426755,24.2
russian,sub10,lstm,696,0.6551490236382322,0.036598933626025676,0.6672615446662633,568579,29.9
russian,sub10,vit,696,0.5301849948612538,0.04941056174346163,0.5451855212744505,655107,12.4
russian,sub11,gru,1142,0.7635715927373019,0.024345013047879296,0.7778935683928749,428291,27.1
russian,sub11,lstm,1142,0.7819505094614265,0.020369603859928174,0.7957559161442657,570627,42.0
russian,sub11,vit,1142,0.5762047038994867,0.04587491109883957,0.5933804996565052,661507,24.8
russian,sub12,gru,954,0.7851308900523561,0.024200944184167097,0.6718050142568757,426755,24.1
russian,sub12,lstm,954,0.8018737944337284,0.017795159613570852,0.6992459853948942,568579,25.6
russian,sub12,vit,954,0.7557619178837145,0.011811325154706264,0.6431827334394729,655107,13.5
russian,sub2,gru,1163,0.9570149474618914,0.006028144741030702,0.9559805595163977,426755,16.3
russian,sub2,lstm,1163,0.9604447239899365,0.011980191566695155,0.9600103093473648,568579,29.7
russian,sub2,vit,1163,0.9260322628385378,0.015087740187711784,0.91457572126381,655107,17.0
russian,sub3,gru,696,0.7428160328879754,0.02996643237292839,0.7701451905626134,426755,14.8
russian,sub3,lstm,696,0.7801438848920863,0.031238599700977043,0.8051572897761645,568579,30.1
russian,sub3,vit,696,0.5919424460431655,0.04635327224181072,0.6128251663641863,655107,8.7
russian,sub4,gru,1152,0.8627705627705626,0.047566405384404604,0.868951940636214,426755,29.7
russian,sub4,lstm,1152,0.8402522115565594,0.046519286114846514,0.8278410910237065,568579,54.5
russian,sub4,vit,1152,0.6510408432147562,0.021711605213564692,0.648253484603747,655107,14.1
russian,sub5,gru,648,0.6124865831842576,0.04754977379172324,0.612760637225247,426755,18.3
russian,sub5,lstm,648,0.6465712581991653,0.04826365487489288,0.6330469852792902,568579,25.3
russian,sub5,vit,648,0.5338580799045916,0.045200349911129714,0.5099536196813874,655107,8.5
russian,sub6,gru,811,0.8989093387866394,0.01253093560806643,0.8524556696983575,426755,16.1
russian,sub6,lstm,811,0.9050140119669772,0.026745651731909546,0.8602144721440672,568579,24.3
russian,sub6,vit,811,0.831098992653185,0.020998474121817445,0.7567246104967756,655107,9.2
russian,sub7,gru,1561,0.914796837879905,0.02325895092491587,0.9174915234120545,426755,39.2
russian,sub7,lstm,1561,0.9032583763414435,0.01729007197155636,0.9062855480300342,568579,46.8
russian,sub7,vit,1561,0.7322315065126567,0.034662512876408626,0.7377485478937013,655107,18.0
russian,sub8,gru,1174,0.8168503364248046,0.024931893591266862,0.8428492849284929,426755,40.9
russian,sub8,lstm,1174,0.7495617384979087,0.02319456457280784,0.7855007674680512,568579,39.7
russian,sub8,vit,1174,0.6541807601382069,0.024026973872810574,0.6795431499671706,655107,19.6
russian,sub9,gru,1879,0.9058028368794326,0.0115899305700761,0.8950760783151143,425219,68.5
russian,sub9,lstm,1879,0.7818028368794326,0.020420665988564828,0.7588482659248711,566531,68.8
russian,sub9,vit,1879,0.6977106382978724,0.01593602874692203,0.6714483246846161,648707,36.9
spanish,sub0,gru,1999,0.9074461152882204,0.011141281596030042,0.7137691136453849,426755,49.2
spanish,sub0,lstm,1999,0.9004310776942355,0.019589719149978223,0.6862019894472623,568579,73.7
spanish,sub0,vit,1999,0.7473471177944863,0.029641965580136504,0.5672074454456297,655107,25.2
spanish,sub1,gru,1601,0.9537830996884734,0.012229033553024436,0.8508303711348087,426755,41.0
spanish,sub1,lstm,1601,0.9425467289719627,0.01103678940492166,0.8751598950171362,568579,55.1
spanish,sub1,vit,1601,0.8500798286604361,0.023377055938551994,0.7903190255959435,655107,21.9
spanish,sub2,gru,2178,0.9843878519455869,0.007314387692104128,0.9354278160779709,426755,57.2
spanish,sub2,lstm,2178,0.9710724454286618,0.013973570369528319,0.9265612681092559,568579,67.0
spanish,sub2,vit,2178,0.938473057049457,0.006890142141966131,0.8831408667012383,655107,22.4
spanish,sub3,gru,1071,0.8571788741577919,0.02271805581651075,0.830534356248642,426755,34.5
spanish,sub3,lstm,1071,0.8553053683981744,0.02167242891422922,0.848985608985609,568579,37.9
spanish,sub3,vit,1071,0.6928015648772007,0.012528684173986355,0.6106179277607848,655107,14.5
spanish,sub4,gru,1138,0.8980176211453745,0.027908854579051505,0.8558824189858673,426755,33.7
spanish,sub4,lstm,1138,0.8831401190200172,0.01502391762006004,0.835629938388559,568579,37.1
spanish,sub4,vit,1138,0.7794767756395393,0.03787619091739056,0.7027841634738187,655107,14.4
spanish,sub5,gru,1627,0.9164190655969797,0.009920321447738441,0.7828185039092961,426755,47.7
spanish,sub5,lstm,1627,0.9059801793298726,0.014759760366362696,0.7421905710334632,568579,78.4
spanish,sub5,vit,1627,0.7603020292590845,0.01704897336408237,0.6407049045520168,655107,16.2
spanish,sub6,gru,1522,0.9441479723899914,0.012308404071766154,0.9297902794859834,428291,59.2
spanish,sub6,lstm,1522,0.869229939603106,0.035197454593166255,0.8897016412909793,570627,76.1
spanish,sub6,vit,1522,0.6911993097497843,0.03489502952797049,0.6727955509689255,661507,17.9
spanish,sub7,gru,1590,0.9264150943396228,0.009026855405287623,0.8862453868979966,428291,58.1
spanish,sub7,lstm,1590,0.9106918238993711,0.005832464462575913,0.885932616357094,570627,62.3
spanish,sub7,vit,1590,0.7465408805031446,0.0336698334951552,0.6136638776372739,661507,16.9
spanish,sub8,gru,1395,0.8939068100358423,0.01891169313014038,0.8323230000834559,428291,44.9
spanish,sub8,lstm,1395,0.9003584229390681,0.014585655877688739,0.8478270268120822,570627,51.1
spanish,sub8,vit,1395,0.8358422939068101,0.03572741446416376,0.7299406059302844,661507,22.7
spanish,sub9,gru,1237,0.9110911584171346,0.022382961980854345,0.8762696177089229,428291,38.6
spanish,sub9,lstm,1237,0.9054166122502284,0.0302500766293792,0.872174641403997,570627,48.3
spanish,sub9,vit,1237,0.8043195768577773,0.06593064799690673,0.8138148444640454,661507,23.6
