language,subject,model,n_trials,acc_mean,acc_std,balanced_acc,n_folds,params,secs
russian,sub1,gru,666,0.4427777777777778,0.17135737149428998,0.45458333333333334,10,426755,42.3
russian,sub1,lstm,666,0.3898611111111111,0.12386841198487336,0.41104166666666664,10,568579,69.1
russian,sub1,vit,666,0.3549305555555555,0.2667159333106856,0.3648611111111111,10,655107,36.0
russian,sub10,gru,696,0.5422123015873016,0.2600646997908145,0.5397321428571428,7,426755,33.1
russian,sub10,lstm,696,0.474156746031746,0.2105259827509785,0.46770833333333334,7,568579,48.9
russian,sub10,vit,696,0.46979166666666666,0.19866010121182376,0.46383928571428573,7,655107,19.9
russian,sub11,gru,1142,0.7151385065143161,0.20828962866064385,0.7062479579547745,10,428291,62.9
russian,sub11,lstm,1142,0.7326953656382027,0.1914009897641928,0.7261411225071207,10,570627,101.5
russian,sub11,vit,1142,0.4832808857263483,0.1355112050723776,0.4715255774166155,10,661507,40.8
russian,sub12,gru,954,0.41019155186382716,0.19446170383851558,0.4184862052959601,9,426755,30.3
russian,sub12,lstm,954,0.4239673377765838,0.17142986664277107,0.4339180634445645,9,568579,57.9
russian,sub12,vit,954,0.37661623111736037,0.21340811911812407,0.3788911015365336,9,655107,20.8
russian,sub2,gru,1163,0.9266522163908238,0.05295858869966635,0.9177009477863972,6,426755,19.7
russian,sub2,lstm,1163,0.9355594316270818,0.04985462907844223,0.9311748860700378,6,568579,31.2
russian,sub2,vit,1163,0.8966975407029264,0.07893379042911286,0.8899961677063138,6,655107,14.9
russian,sub3,gru,696,0.714322457378013,0.13224045735661294,0.7205246913580248,9,426755,35.4
russian,sub3,lstm,696,0.6879041740152851,0.15433384125244737,0.6961419753086421,9,568579,52.1
russian,sub3,vit,696,0.5945179306290418,0.12220518339165962,0.6073559670781894,9,655107,19.2
russian,sub4,gru,1152,0.7866421756755012,0.12245128985206873,0.7792334160777582,6,426755,45.0
russian,sub4,lstm,1152,0.7600071624739564,0.08975107537662401,0.7390567797991773,6,568579,54.1
russian,sub4,vit,1152,0.5974852733623148,0.14028476219407654,0.5766297005984233,6,655107,12.5
russian,sub5,gru,648,0.4644453463203463,0.26652608917745113,0.46464015151515153,10,426755,26.9
russian,sub5,lstm,648,0.44791125541125537,0.2431795787739072,0.4453093434343434,10,568579,54.0
russian,sub5,vit,648,0.5222961760461761,0.25186943164698267,0.5152335858585859,10,655107,18.5
russian,sub6,gru,811,0.5929631095424702,0.3090528553053771,0.5918298135806193,7,426755,24.7
russian,sub6,lstm,811,0.5347928723431864,0.354259507322087,0.5346197729052187,7,568579,35.6
russian,sub6,vit,811,0.4427102301842431,0.2920275810118417,0.4422189011932976,7,655107,12.0
russian,sub7,gru,1561,0.8353487446260226,0.08708277437860926,0.8280512444714627,10,426755,100.8
russian,sub7,lstm,1561,0.8337561113880237,0.08203866706323878,0.8203828492713937,10,568579,132.4
russian,sub7,vit,1561,0.6344893010260686,0.1189011288935393,0.6109970974706005,10,655107,39.3
russian,sub8,gru,1174,0.7716360107836571,0.10664357748841224,0.7754716068115348,8,426755,60.0
russian,sub8,lstm,1174,0.690648544196282,0.0886806504920174,0.6928469314306911,8,568579,68.7
russian,sub8,vit,1174,0.577914317410251,0.07851165763150357,0.580544139586598,8,655107,24.0
russian,sub9,gru,1879,0.5431542421077653,0.16478979145902822,0.5372232785014929,6,425219,84.2
russian,sub9,lstm,1879,0.42533647831459026,0.17008216576950272,0.41267841265631927,6,566531,77.4
russian,sub9,vit,1879,0.512655355533638,0.09274104904638135,0.5012032950957159,6,648707,26.4
spanish,sub0,gru,1999,0.7729828756853458,0.222446782470713,0.7139706153309163,9,426755,106.9
spanish,sub0,lstm,1999,0.8174546989207893,0.16095898994169916,0.738277138762863,9,568579,158.4
spanish,sub0,vit,1999,0.6146173590567466,0.22926306680950984,0.5498237065482504,9,655107,42.5
spanish,sub1,gru,1601,0.8525174787907849,0.12527924862799955,0.8295360861444434,8,426755,64.2
spanish,sub1,lstm,1601,0.8120864798820289,0.17459995844972906,0.7933654667600599,8,568579,91.9
spanish,sub1,vit,1601,0.7656871367183116,0.1187699127685914,0.7396061446497533,8,655107,27.6
spanish,sub2,gru,2178,0.9262109210372973,0.09164872305335234,0.9082078878037312,8,426755,91.0
spanish,sub2,lstm,2178,0.9291362356437978,0.09370835842439056,0.9164120534020572,8,568579,143.6
spanish,sub2,vit,2178,0.8988151911285909,0.10412117018060255,0.8808865593976096,8,655107,29.9
spanish,sub3,gru,1071,0.7620147053436791,0.09278756300995053,0.7607690751790203,9,426755,67.6
spanish,sub3,lstm,1071,0.7635849175363453,0.11330197244993408,0.771827634382926,9,568579,73.8
spanish,sub3,vit,1071,0.6039901246859376,0.2530871667520563,0.6131991917453603,9,655107,21.6
spanish,sub4,gru,1138,0.9065653222677948,0.058760713574165506,0.9012334788472525,6,426755,33.0
spanish,sub4,lstm,1138,0.8998861523170841,0.08449108837902125,0.8840455681435678,6,568579,55.0
spanish,sub4,vit,1138,0.7316199229204504,0.09194139082736376,0.7129473897755627,6,655107,17.9
spanish,sub5,gru,1627,0.7990429487678111,0.28811173924504585,0.7521679539994939,7,426755,69.1
spanish,sub5,lstm,1627,0.7608044138373314,0.31401481942110215,0.7322143254269493,7,568579,120.9
spanish,sub5,vit,1627,0.5847090515346018,0.26875046080662696,0.5661346400845068,7,655107,20.3
spanish,sub6,gru,1522,0.8744716428038064,0.059799792454130245,0.877017478634899,7,428291,84.2
spanish,sub6,lstm,1522,0.7831145026978493,0.12635859126864218,0.8092041394382791,7,570627,135.9
spanish,sub6,vit,1522,0.5976597812298119,0.09965315586416373,0.5604223086440495,7,661507,27.7
spanish,sub7,gru,1590,0.82005495975925,0.14930035649354184,0.8148171493969779,6,428291,55.3
spanish,sub7,lstm,1590,0.8548489327264509,0.06336865037570703,0.849187225259941,6,570627,56.2
spanish,sub7,vit,1590,0.6105214270482708,0.2966932975598591,0.5865194745375749,6,661507,22.2
spanish,sub8,gru,1395,0.7684988376651668,0.14020873867363992,0.7271713484520053,6,428291,48.8
spanish,sub8,lstm,1395,0.7776937119151893,0.1044295254136482,0.7475967901337061,6,570627,61.4
spanish,sub8,vit,1395,0.7082309046857413,0.17496803728557106,0.6776566972325225,6,661507,25.0
spanish,sub9,gru,1237,0.8845701335450734,0.12494625924177775,0.882168442347863,7,428291,57.4
spanish,sub9,lstm,1237,0.8674831984630809,0.12248919133878264,0.8630854825694539,7,570627,66.9
spanish,sub9,vit,1237,0.7318454814607153,0.10584599398651832,0.7380907579529848,7,661507,27.4
