language,subject,model,n_trials,n_rest,n_overt,n_inner,acc_mean,acc_std,balanced_acc,secs
russian,sub1,rf,666,90,288,288,0.747716305689597,0.03984902834659196,0.6476036835383477,2.5
russian,sub1,svm_linear,666,90,288,288,0.7581977331388172,0.028715111959347384,0.7371244202460174,0.2
russian,sub1,lda,666,90,288,288,0.7732802154640332,0.024817193930219687,0.7793103448275862,0.9
russian,sub10,rf,696,120,288,288,0.8304110996916754,0.018887682184422914,0.7920750151240169,2.7
russian,sub10,svm_linear,696,120,288,288,0.8721377183967112,0.013834298702525052,0.8792246420649323,0.2
russian,sub10,lda,696,120,288,288,0.877934224049332,0.0223021961627216,0.890537406735229,1.0
russian,sub11,rf,1142,130,493,519,0.8029610051329197,0.015100161643258864,0.7573136962179957,3.1
russian,sub11,svm_linear,1142,130,493,519,0.8353328736688883,0.027173014406159216,0.8627704383252233,0.5
russian,sub11,lda,1142,130,493,519,0.8414808856201639,0.0171435239149677,0.8629294320001671,1.3
russian,sub12,rf,954,570,202,182,0.8972885092311932,0.008989741106342243,0.8331028461066972,2.7
russian,sub12,svm_linear,954,570,202,182,0.8836263433452742,0.013215095413825609,0.8097828251871897,0.2
russian,sub12,lda,954,570,202,182,0.8857591623036649,0.01000205565341117,0.8130821643209319,0.9
russian,sub2,rf,1163,148,509,506,0.82626535444724,0.02489104634633693,0.8351630416591356,3.2
russian,sub2,svm_linear,1163,148,509,506,0.8357740121355631,0.013120510210207052,0.8600607849831636,0.5
russian,sub2,lda,1163,148,509,506,0.8753033890779932,0.015759754531336614,0.8919267099123707,1.0
russian,sub3,rf,696,120,288,288,0.6924768756423433,0.04357891362528974,0.6436327888687237,2.9
russian,sub3,svm_linear,696,120,288,288,0.7256012332990751,0.026380150617777237,0.7367916918733616,0.3
russian,sub3,lda,696,120,288,288,0.7371017471736897,0.03301875334339985,0.7445402298850575,1.0
russian,sub4,rf,1152,152,541,459,0.8194278185582533,0.03291528107981759,0.7307657275083964,3.1
russian,sub4,svm_linear,1152,152,541,459,0.8272237907020517,0.025593888750351335,0.8165485756079407,0.6
russian,sub4,lda,1152,152,541,459,0.8897120271033314,0.027129743806997807,0.8927751656807933,1.0
russian,sub5,rf,648,60,288,300,0.7129397734048897,0.028079549390794562,0.5279834644081468,2.6
russian,sub5,svm_linear,648,60,288,300,0.7330113297555159,0.0136540400860128,0.7420367009477717,0.2
russian,sub5,lda,648,60,288,300,0.754597495527728,0.012934776685710081,0.7578080258116555,0.9
russian,sub6,rf,811,510,155,146,0.933416647731576,0.010611773433144978,0.8862423753335223,2.5
russian,sub6,svm_linear,811,510,155,146,0.9346663637052186,0.01429709228024697,0.8823334569274502,0.1
russian,sub6,lda,811,510,155,146,0.9531470120427175,0.006272445295944329,0.9174133932401289,0.9
russian,sub7,rf,1561,480,547,534,0.8904399115261736,0.014621015378692386,0.8919250815632476,3.5
russian,sub7,svm_linear,1561,480,547,534,0.8827516998443518,0.02195525333053215,0.8865374940962006,0.7
russian,sub7,lda,1561,480,547,534,0.9288953059719832,0.006803433344425727,0.9307994819894472,1.0
russian,sub8,rf,1174,119,505,550,0.8620221858519731,0.012091330760760542,0.7972011114154893,3.2
russian,sub8,svm_linear,1174,119,505,550,0.8696963084197128,0.014494662725461304,0.8687193501958891,0.4
russian,sub8,lda,1174,119,505,550,0.880756501182033,0.018407925556923704,0.8848274392656655,1.0
russian,sub9,rf,1879,758,574,547,0.8988808510638299,0.007908972848387019,0.8874817273993265,4.0
russian,sub9,svm_linear,1879,758,574,547,0.8898312056737587,0.014263907930974111,0.8776480041167323,0.7
russian,sub9,lda,1879,758,574,547,0.9068595744680851,0.014014753914979009,0.8967632877416005,0.9
spanish,sub0,rf,1999,30,748,1221,0.8509398496240601,0.015828005258603877,0.5653882096646191,4.8
spanish,sub0,svm_linear,1999,30,748,1221,0.8284072681704261,0.019787323117778206,0.7471112258744405,1.4
spanish,sub0,lda,1999,30,748,1221,0.8709411027568923,0.019878612601223058,0.8004884611709502,1.3
spanish,sub1,rf,1601,30,810,761,0.9625311526479751,0.008101315680216787,0.6539804940819732,3.8
spanish,sub1,svm_linear,1601,30,810,761,0.9669003115264797,0.0046365816930466035,0.8384592108448317,0.3
spanish,sub1,lda,1601,30,810,761,0.9775116822429906,0.005008808513173065,0.8351472817847088,1.0
spanish,sub2,rf,2178,30,1102,1046,0.9444416323948118,0.010003326857038225,0.6386348429692084,4.8
spanish,sub2,svm_linear,2178,30,1102,1046,0.9531656648739851,0.007773917789543085,0.8279028367573259,0.6
spanish,sub2,lda,2178,30,1102,1046,0.9696994621955077,0.00976888273409306,0.9040848109578761,1.1
spanish,sub3,rf,1071,30,551,490,0.6890197783090632,0.03896085413544509,0.47164218021360876,3.3
spanish,sub3,svm_linear,1071,30,551,490,0.6386133449250163,0.03780290495434428,0.4997789254932112,1.6
spanish,sub3,lda,1071,30,551,490,0.6619647902629863,0.028017714223162193,0.5375622747051317,1.1
spanish,sub4,rf,1138,30,583,525,0.7574928510704073,0.02219154800940918,0.5272224327396742,3.4
spanish,sub4,svm_linear,1138,30,583,525,0.7284875183553597,0.017607490509460793,0.7194480232411267,0.6
spanish,sub4,lda,1138,30,583,525,0.7768258752608392,0.01946183087664979,0.7410553941588425,1.0
spanish,sub5,rf,1627,30,699,898,0.9121151486550259,0.007342430253197676,0.6181577047486778,4.0
spanish,sub5,svm_linear,1627,30,699,898,0.913338367154318,0.011863816367572695,0.8760288879829895,0.5
spanish,sub5,lda,1627,30,699,898,0.9287022180273714,0.004935065181369369,0.9292227574684068,1.1
spanish,sub6,rf,1522,30,730,762,0.9526941328731665,0.005335488991302174,0.7012734966613419,3.6
spanish,sub6,svm_linear,1522,30,730,762,0.958602243313201,0.005372657764834292,0.9292031672879038,0.4
spanish,sub6,lda,1522,30,730,762,0.9612381363244177,0.00864410459931713,0.9310677423256415,1.3
spanish,sub7,rf,1590,30,802,758,0.9440251572327044,0.007804826192447078,0.6409291070679867,3.7
spanish,sub7,svm_linear,1590,30,802,758,0.9729559748427674,0.011698789457697025,0.9174187376012736,0.4
spanish,sub7,lda,1590,30,802,758,0.9811320754716981,0.010893401305464635,0.9337117297755377,1.3
spanish,sub8,rf,1395,30,652,713,0.9290322580645162,0.013100836474908317,0.6336142164827252,3.8
spanish,sub8,svm_linear,1395,30,652,713,0.9154121863799283,0.012742931064251733,0.8148378059957461,0.5
spanish,sub8,lda,1395,30,652,713,0.9440860215053763,0.010776556543636516,0.8561371207129728,1.4
spanish,sub9,rf,1237,30,634,573,0.9135039832832701,0.01237820677941159,0.6340972996224442,3.3
spanish,sub9,svm_linear,1237,30,634,573,0.9393757346219147,0.013271800183811917,0.9057390633188396,0.3
spanish,sub9,lda,1237,30,634,573,0.9539212485307562,0.004120816270271695,0.957937769220495,1.3
