language,subject,model,n_trials,n_rest,n_overt,n_inner,acc_mean,acc_std,balanced_acc,n_folds,secs
russian,sub1,rf,666,90,288,288,0.6485416666666666,0.3536917363025375,0.6618055555555555,10,4.9
russian,sub1,svm_linear,666,90,288,288,0.6036805555555556,0.2693843092258693,0.5900694444444444,10,0.5
russian,sub1,lda,666,90,288,288,0.6325,0.2779417571549305,0.6336805555555555,10,1.7
russian,sub10,rf,696,120,288,288,0.5830853174603174,0.37308726968906863,0.5796130952380951,7,3.3
russian,sub10,svm_linear,696,120,288,288,0.6149305555555555,0.3446556432162306,0.6099702380952381,7,0.3
russian,sub10,lda,696,120,288,288,0.6107142857142858,0.3685644518573414,0.6032738095238095,7,1.2
russian,sub11,rf,1142,130,493,519,0.6394592538423298,0.2515965764705648,0.6447373290726063,10,6.6
russian,sub11,svm_linear,1142,130,493,519,0.70411555345527,0.2089073796368404,0.7199493642162522,10,1.1
russian,sub11,lda,1142,130,493,519,0.7038709478480141,0.22175494616022348,0.7154502561915113,10,2.4
russian,sub12,rf,954,570,202,182,0.46921770581751737,0.2646731756491061,0.4631524747806247,9,5.0
russian,sub12,svm_linear,954,570,202,182,0.4848592482452281,0.27155010952644476,0.476817135724808,9,0.4
russian,sub12,lda,954,570,202,182,0.46781644364988906,0.25664909246664225,0.4598610947936989,9,1.6
russian,sub2,rf,1163,148,509,506,0.7623856632433417,0.0978982490677556,0.7697502734341057,6,3.7
russian,sub2,svm_linear,1163,148,509,506,0.7698349842257143,0.11933979032550635,0.7772677610069519,6,0.6
russian,sub2,lda,1163,148,509,506,0.8146377515013361,0.1110469072886321,0.8167409358967431,6,1.1
russian,sub3,rf,696,120,288,288,0.5357583774250441,0.27665813938333933,0.536985596707819,9,4.6
russian,sub3,svm_linear,696,120,288,288,0.6679453262786597,0.22111350463058418,0.6717849794238684,9,0.5
russian,sub3,lda,696,120,288,288,0.640895061728395,0.23133431535892363,0.6468106995884775,9,1.6
russian,sub4,rf,1152,152,541,459,0.6653889091061368,0.2677803793658272,0.6712792676596487,6,3.6
russian,sub4,svm_linear,1152,152,541,459,0.7544269693105035,0.11440740298537146,0.7527442129514373,6,0.7
russian,sub4,lda,1152,152,541,459,0.7909273532392506,0.07026836986923528,0.7730069225689359,6,1.1
russian,sub5,rf,648,60,288,300,0.634781746031746,0.25478820467645763,0.6322474747474747,10,5.0
russian,sub5,svm_linear,648,60,288,300,0.6377750721500721,0.11605026845530576,0.6373421717171717,10,0.5
russian,sub5,lda,648,60,288,300,0.6694372294372295,0.13378104122361092,0.6694065656565658,10,2.0
russian,sub6,rf,811,510,155,146,0.8786758832833935,0.07795837098162924,0.8772748245621033,7,6.6
russian,sub6,svm_linear,811,510,155,146,0.8334864368225369,0.0981128319340127,0.8323495766091968,7,0.2
russian,sub6,lda,811,510,155,146,0.8346946872297193,0.11563104014943165,0.8345858722995275,7,1.2
russian,sub7,rf,1561,480,547,534,0.7593378862728687,0.2092849263928821,0.7536410697770798,10,7.7
russian,sub7,svm_linear,1561,480,547,534,0.7850184095136603,0.08190177154490019,0.7671975505033016,10,1.8
russian,sub7,lda,1561,480,547,534,0.8435002389489397,0.08080234050483023,0.8143204808028516,10,2.4
russian,sub8,rf,1174,119,505,550,0.7587450640643704,0.11942308757860158,0.74093565231473,8,5.6
russian,sub8,svm_linear,1174,119,505,550,0.8065905662101505,0.12838008329835912,0.8062651424690128,8,0.7
russian,sub8,lda,1174,119,505,550,0.7940744225783625,0.12264906027500022,0.7974505344673524,8,1.6
russian,sub9,rf,1879,758,574,547,0.6883372721271844,0.11492459908393184,0.6716100553271748,6,4.8
russian,sub9,svm_linear,1879,758,574,547,0.5947208513314237,0.1543712541401383,0.5755138692644969,6,0.9
russian,sub9,lda,1879,758,574,547,0.5409295534365719,0.23318219358373848,0.5236437753659854,6,1.1
spanish,sub0,rf,1999,30,748,1221,0.7129066463025217,0.2849838023281627,0.6119011635593851,9,8.6
spanish,sub0,svm_linear,1999,30,748,1221,0.7183961844617492,0.1849958620519784,0.6925101204303827,9,3.0
spanish,sub0,lda,1999,30,748,1221,0.7318947424678496,0.2519374304650869,0.7050378308691753,9,2.0
spanish,sub1,rf,1601,30,810,761,0.7783287996090863,0.3163596505520001,0.7250540152925133,8,6.1
spanish,sub1,svm_linear,1601,30,810,761,0.835031390208083,0.21064305986246518,0.8077837119314655,8,0.6
spanish,sub1,lda,1601,30,810,761,0.8618014625520731,0.1829540475934892,0.8364786081589539,8,1.6
spanish,sub2,rf,2178,30,1102,1046,0.8082501242824492,0.3113535906589623,0.723796613060081,8,8.6
spanish,sub2,svm_linear,2178,30,1102,1046,0.865362456033127,0.17981001286783915,0.8033262195694513,8,1.2
spanish,sub2,lda,2178,30,1102,1046,0.8693436013011568,0.21786610225488556,0.8376194281144802,8,2.0
spanish,sub3,rf,1071,30,551,490,0.5164420100298227,0.21362730745448885,0.46838414517677734,9,6.0
spanish,sub3,svm_linear,1071,30,551,490,0.48194399085526357,0.1739443838252626,0.47290941684452764,9,4.1
spanish,sub3,lda,1071,30,551,490,0.4709139551504177,0.17891259090429779,0.4760232947405368,9,1.8
spanish,sub4,rf,1138,30,583,525,0.7431474304443088,0.14183858940208938,0.6387682073588989,6,3.9
spanish,sub4,svm_linear,1138,30,583,525,0.7695385335276316,0.10674057330692013,0.7547282403034296,6,0.9
spanish,sub4,lda,1138,30,583,525,0.7751452315018166,0.0833665289298644,0.7563001234593751,6,1.1
spanish,sub5,rf,1627,30,699,898,0.7608776601264955,0.3117514102677408,0.6652215555661737,7,5.9
spanish,sub5,svm_linear,1627,30,699,898,0.8572405798137243,0.06924162836850485,0.8559672573266248,7,0.9
spanish,sub5,lda,1627,30,699,898,0.8925562507076691,0.02142271836331506,0.8837477313750951,7,1.4
spanish,sub6,rf,1522,30,730,762,0.9124606465454876,0.06744467655958046,0.7840345256684282,7,5.6
spanish,sub6,svm_linear,1522,30,730,762,0.8842623529187359,0.06714996387301869,0.8632283693787348,7,0.7
spanish,sub6,lda,1522,30,730,762,0.9190469174174727,0.03898113560280533,0.8865595918219135,7,1.9
spanish,sub7,rf,1590,30,802,758,0.7506697691650074,0.34982662109658774,0.6573629184558787,6,4.6
spanish,sub7,svm_linear,1590,30,802,758,0.8888435543741807,0.14074426331771964,0.8735040518822039,6,0.6
spanish,sub7,lda,1590,30,802,758,0.9370478024595421,0.07555047133153704,0.9353541658915706,6,1.5
spanish,sub8,rf,1395,30,652,713,0.7505923248605045,0.34188147696131416,0.6364817864372597,6,4.4
spanish,sub8,svm_linear,1395,30,652,713,0.755246106613452,0.16960501762048588,0.7344118476537177,6,0.6
spanish,sub8,lda,1395,30,652,713,0.7779142436000729,0.22713571993375614,0.7625888749981743,6,1.5
spanish,sub9,rf,1237,30,634,573,0.7702757680872124,0.3257074673565828,0.7074702097474298,7,4.8
spanish,sub9,svm_linear,1237,30,634,573,0.8410622838275698,0.18542019361999817,0.8299484457191453,7,0.5
spanish,sub9,lda,1237,30,634,573,0.9305385787558892,0.04323820204453571,0.9337790658922209,7,1.8
